{"cameraMode":{"drawMode":0,"name":"Shaded","section":"Shading Mode"},"sceneLighting":true,"audioPlay":false,"sceneViewState":{"showFog":true,"showMaterialUpdate":true,"showSkybox":true,"showFlares":true,"showImageEffects":true,"showParticleSystems":true},"in2DMode":false,"pivot":{"x":0.9151561260223389,"y":1.4059267044067383,"z":-1.7689902782440186},"rotation":{"x":0.4416039288043976,"y":-0.3040015995502472,"z":0.162034273147583,"w":0.8289798498153687},"size":7.822654724121094,"orthographic":false}