{"cameraMode":{"drawMode":0,"name":"Shaded","section":"Shading Mode"},"sceneLighting":false,"audioPlay":false,"sceneViewState":{"showFog":true,"showMaterialUpdate":false,"showSkybox":false,"showFlares":true,"showImageEffects":true,"showParticleSystems":true},"in2DMode":false,"pivot":{"x":-17.270612716674806,"y":1.625110149383545,"z":2.300208568572998},"rotation":{"x":-0.2776665687561035,"y":0.2525973618030548,"z":-0.0761217325925827,"w":-0.923916220664978},"size":13.090377807617188,"orthographic":false}